{
  "todos": [
    {
      "id": 1,
      "title": "吃饭",
      "isCompleted": true,
      "isEditing": false
    },
    {
      "id": 2,
      "title": "睡觉",
      "isCompleted": true,
      "isEditing": false
    },
    {
      "title": "打豆豆",
      "isCompleted": false,
      "isEditing": false,
      "id": 3
    },
    {
      "title": "sfdsdf",
      "isCompleted": false,
      "isEditing": false,
      "id": 4
    }
  ],
  "posts": [
    {
      "id": 1,
      "title": "Hello React Query"
    },
    {
      "id": 2,
      "title": "React Query is Great"
    }
  ]
}